Nom,Cour ou statut,Titre ou rôle
Titania,Cour d’Été,"Reine d’Été, souveraine de la Cour Lumineuse"
Oberon,Cour d’Été,"Seigneur Sauvage, chasseur éternel"
Hyrsam,Cour d’Été,"Prince des Satyres, esprit du chaos créatif"
Reine de l’Air et des Ténèbres,Cour d’Hiver,"Souveraine de la Cour Noire, maîtresse des ombres et des illusions"
Prince des Gelures,Cour d’Hiver,Seigneur tragique de la glace éternelle
Dame des Brumes,Cour neutre,Gardienne des souvenirs et des illusions
Sorcière Nocturne,Indépendante,Archifée indépendante liée à la magie noire
Baba Yaga,Indépendante,"Sorcière immortelle et instable, maîtresse des secrets anciens"
Roi Cendre,Indépendant,Archifée du renouveau par la destruction
