Nom,Titre ou rôle,Cour ou statut
Titania,"Reine d’Été, souveraine de la Cour Lumineuse",Cour d’Été
Oberon,"Seigneur Sauvage, chasseur éternel",Cour d’Été
Hyrsam,"Prince des Satyres, esprit du chaos créatif",Cour d’Été
Reine de l’Air et des Ténèbres,"Souveraine de la Cour Noire, maîtresse des ombres et des illusions",Cour d’Hiver
Prince des Gelures,Seigneur tragique de la glace éternelle,Cour d’Hiver
Sorcière Nocturne,Archifée indépendante liée à la magie noire,Indépendante
Baba Yaga,"Sorcière immortelle et instable, maîtresse des secrets anciens",Indépendante
Dame des Brumes,Gardienne des souvenirs et des illusions,Cour neutre
Roi Cendre,Archifée du renouveau par la destruction,Indépendant
